{
  "project_info": {
    "project_number": "858312661550",
    "firebase_url": "https://productcatatlog-v1.firebaseio.com",
    "project_id": "productcatatlog-v1",
    "storage_bucket": "productcatatlog-v1.appspot.com"
  },
  "client": [
    {
      "client_info": {
        "mobilesdk_app_id": "1:858312661550:android:03add0a76932229fdf5dbf",
        "android_client_info": {
          "package_name": "com.example.productcatatlog_v1"
        }
      },
      "oauth_client": [
        {
          "client_id": "858312661550-5vlpigu2rpukm34tkkjb8i8k7pf8vrd9.apps.googleusercontent.com",
          "client_type": 3
        }
      ],
      "api_key": [
        {
          "current_key": "AIzaSyBtv0dNeIOyulHNOP0rLcy-kbBM_QcOrtA"
        }
      ],
      "services": {
        "appinvite_service": {
          "other_platform_oauth_client": [
            {
              "client_id": "858312661550-5vlpigu2rpukm34tkkjb8i8k7pf8vrd9.apps.googleusercontent.com",
              "client_type": 3
            }
          ]
        }
      }
    }
  ],
  "configuration_version": "1"
}